asset_id,doc_id,year,filing_type,member_first_name,member_last_name,state_district,schedule,asset_name,asset_type,owner,trust_wrapper,value_low,value_high,income_type,income_amount,page_idx,raw_row_text,extracted_by,_source_url
2,8216567,2014,C,Rohit,Khanna,CA17,A_assets,"1st Bank of Paducah, KY accounts",,JT,,1001.0,15000.0,INTEREST,"$201 - $1,000",3,"JT 1st Bank of Paducah, KY accounts",gemini-3.1-flash-lite-preview,https://disclosures-clerk.house.gov/PublicDisclosure
3,9109429,2016,C,Rohit,Khanna,CA17,A_assets,Citibank checking,,JT,,1.0,1000.0,,,2,"JT Citibank checking $1-$1,000",gemini-3.1-flash-lite-preview,https://disclosures-clerk.house.gov/PublicDisclosure
4,9109429,2016,C,Rohit,Khanna,CA17,A_assets,Citibank savings,,JT,,1.0,1000.0,,,2,"JT Citibank savings $1-$1,000",gemini-3.1-flash-lite-preview,https://disclosures-clerk.house.gov/PublicDisclosure
5,9109429,2016,C,Rohit,Khanna,CA17,A_assets,Citibank checking,,SP,,1.0,1000.0,,,2,"SP Citibank checking $1-$1,000",gemini-3.1-flash-lite-preview,https://disclosures-clerk.house.gov/PublicDisclosure
6,9109429,2016,C,Rohit,Khanna,CA17,A_assets,Citibank savings,,SP,,1.0,1000.0,,,2,"SP Citibank savings $1-$1,000",gemini-3.1-flash-lite-preview,https://disclosures-clerk.house.gov/PublicDisclosure
7,9109429,2016,C,Rohit,Khanna,CA17,A_assets,Fidelity Cash Reserves,,SP,,1.0,1000.0,,,2,"SP Fidelity Cash Reserves $1-$1,000",gemini-3.1-flash-lite-preview,https://disclosures-clerk.house.gov/PublicDisclosure
8,9109429,2016,C,Rohit,Khanna,CA17,A_assets,Touchstone Sands Cap Inst Gr,,SP,Ritu Ahuja 1994 Trust,15001.0,50000.0,DIV,"$201-$1,000",3,"SP Touchstone Sands Cap Inst Gr $15,001-$50,000 DIV $201-$1,000",gemini-3.1-flash-lite-preview,https://disclosures-clerk.house.gov/PublicDisclosure
9,9109429,2016,C,Rohit,Khanna,CA17,A_assets,Rental Condo NewYork NY,,SP,Ritu Ahuja 1994 Trust,500001.0,1000000.0,RENT,"$5,001-$15,000",3,"SP Rental Condo NewYork NY $500,001-$1,000,000 RENT $5,001-$15,000",gemini-3.1-flash-lite-preview,https://disclosures-clerk.house.gov/PublicDisclosure
10,9109429,2016,C,Rohit,Khanna,CA17,A_assets,Mezzanine Partners L.P.,PTN,SP,Ritu Ahuja 1994 Trust,100001.0,250000.0,PTN INC,"$2,501-$5,000",3,"SP Mezzanine Partners L.P. $100,001-$250,000 PTN INC $2,501-$5,000",gemini-3.1-flash-lite-preview,https://disclosures-clerk.house.gov/PublicDisclosure
11,9109429,2016,C,Rohit,Khanna,CA17,A_assets,M&R Trust Partnership,PTN,SP,Ritu Ahuja 1995 Trust,1000001.0,5000000.0,PTN INC,"$15,001-$50,000",3,"SP M&R Trust Partnership $1,000,001-$5,000,000 PTN INC $15,001-$50,000",gemini-3.1-flash-lite-preview,https://disclosures-clerk.house.gov/PublicDisclosure
12,9109429,2016,C,Rohit,Khanna,CA17,A_assets,Kayne Anderson MLP Fund LP,,SP,Ritu Ahuja 1995 Trust,15001.0,50000.0,DIV,"$201-$1,000",3,"SP Kayne Anderson MLP Fund LP $15,001-$50,000 DIV $201-$1,000",gemini-3.1-flash-lite-preview,https://disclosures-clerk.house.gov/PublicDisclosure
13,9109429,2016,C,Rohit,Khanna,CA17,A_assets,Kayne Anderson Real Estate Partners II (QP) LP real estate for property types/locations,PTN,SP,Ritu Ahuja 1995 Trust,250001.0,500000.0,PTN INC,"$5,001-$15,000",3,"SP Kayne Anderson Real Estate Partners II (QP) LP real estate for property types/locations $250,001-$500,000 PTN INC $5,001-$15,000",gemini-3.1-flash-lite-preview,https://disclosures-clerk.house.gov/PublicDisclosure
14,9109429,2016,C,Rohit,Khanna,CA17,A_assets,Kayne Anderson Real Estate Partners III LP for property types/locations,PTN,SP,M&R Trust Partnership continued,100001.0,250000.0,PTN INC,"$2,501-$5,000",5,"SP Kayne Anderson Real Estate Partners III LP for property types/locations $100,001-$250,000 PTN INC $2,501-$5,000",gemini-3.1-flash-lite-preview,https://disclosures-clerk.house.gov/PublicDisclosure
15,9109429,2016,C,Rohit,Khanna,CA17,A_assets,Kayne Anderson Real Estate Partners IV for property types/locations,PTN,SP,M&R Trust Partnership continued,100001.0,250000.0,PTN INC,"$2,501-$5,000",5,"SP Kayne Anderson Real Estate Partners IV for property types/locations $100,001-$250,000 PTN INC $2,501-$5,000",gemini-3.1-flash-lite-preview,https://disclosures-clerk.house.gov/PublicDisclosure
16,9109429,2016,C,Rohit,Khanna,CA17,A_assets,Kayne Credit Opportunities Fund,,SP,M&R Trust Partnership continued,100001.0,250000.0,PTN INC,"$2,501-$5,000",5,"SP Kayne Credit Opportunities Fund $100,001-$250,000 PTN INC $2,501-$5,000",gemini-3.1-flash-lite-preview,https://disclosures-clerk.house.gov/PublicDisclosure
17,9109429,2016,C,Rohit,Khanna,CA17,A_assets,Draper Fisher Jurvelson,,SP,M&R Trust Partnership continued,15001.0,50000.0,PTN INC,"$201-$1,000",5,"SP Draper Fisher Jurvelson $15,001-$50,000 PTN INC $201-$1,000",gemini-3.1-flash-lite-preview,https://disclosures-clerk.house.gov/PublicDisclosure
18,9109429,2016,C,Rohit,Khanna,CA17,A_assets,Growth Fund 2006 LP,,SP,M&R Trust Partnership continued,15001.0,50000.0,PTN INC,"$201-$1,000",5,"SP Growth Fund 2006 LP $15,001-$50,000 PTN INC $201-$1,000",gemini-3.1-flash-lite-preview,https://disclosures-clerk.house.gov/PublicDisclosure
19,9109429,2016,C,Rohit,Khanna,CA17,A_assets,JC Flowers II-B LP,,SP,M&R Trust Partnership continued,15001.0,50000.0,PTN INC,"$201-$1,000",5,"SP JC Flowers II-B LP $15,001-$50,000 PTN INC $201-$1,000",gemini-3.1-flash-lite-preview,https://disclosures-clerk.house.gov/PublicDisclosure
20,9109429,2016,C,Rohit,Khanna,CA17,A_assets,Resilience Fund II LP,,SP,M&R Trust Partnership continued,15001.0,50000.0,PTN INC,"$201-$1,000",5,"SP Resilience Fund II LP $15,001-$50,000 PTN INC $201-$1,000",gemini-3.1-flash-lite-preview,https://disclosures-clerk.house.gov/PublicDisclosure
21,9109429,2016,C,Rohit,Khanna,CA17,A_assets,Resilience Fund IV LP,,SP,M&R Trust Partnership continued,15001.0,50000.0,PTN INC,"$201-$1,000",5,"SP Resilience Fund IV LP $15,001-$50,000 PTN INC $201-$1,000",gemini-3.1-flash-lite-preview,https://disclosures-clerk.house.gov/PublicDisclosure
22,9109429,2016,C,Rohit,Khanna,CA17,A_assets,Note Receivable GC Trust,,SP,M&R Trust Partnership continued,100001.0,250000.0,INT,"$2,501-$5,000",11,"SP Note Receivable GC Trust $100,001-$250,000 INT $2,501-$5,000",gemini-3.1-flash-lite-preview,https://disclosures-clerk.house.gov/PublicDisclosure
23,9109429,2016,C,Rohit,Khanna,CA17,A_assets,Oak Street Real Estate Capital,,SP,M&R Trust Partnership continued,250001.0,500000.0,PTN INC,"$5,001-$15,000",11,"SP Oak Street Real Estate Capital $250,001-$500,000 PTN INC $5,001-$15,000",gemini-3.1-flash-lite-preview,https://disclosures-clerk.house.gov/PublicDisclosure
24,9109429,2016,C,Rohit,Khanna,CA17,A_assets,ATCO SMA LP-Commercial property types/locations,PTN,SP,M&R Trust Partnership continued,250001.0,500000.0,PTN INC,"$5,001-$15,000",11,"SP ATCO SMA LP-Commercial property types/locations $250,001-$500,000 PTN INC $5,001-$15,000",gemini-3.1-flash-lite-preview,https://disclosures-clerk.house.gov/PublicDisclosure
25,9109429,2016,C,Rohit,Khanna,CA17,A_assets,MAI Wealth Income & Growth Fd for property types/locations,,SP,M&R Trust Partnership continued,100001.0,250000.0,PTN INC,"$2,501-$5,000",11,"SP MAI Wealth Income & Growth Fd for property types/locations $100,001-$250,000 PTN INC $2,501-$5,000",gemini-3.1-flash-lite-preview,https://disclosures-clerk.house.gov/PublicDisclosure
26,9109429,2016,C,Rohit,Khanna,CA17,A_assets,MAI Capital Income & Growth Fd for property types/locations,,SP,M&R Trust Partnership continued,100001.0,250000.0,PTN INC,"$2,501-$5,000",11,"SP MAI Capital Income & Growth Fd for property types/locations $100,001-$250,000 PTN INC $2,501-$5,000",gemini-3.1-flash-lite-preview,https://disclosures-clerk.house.gov/PublicDisclosure
28,9109429,2016,C,Rohit,Khanna,CA17,A_assets,Note Receivable Orchard Way/JB,,SP,M&R Trust Partnership continued,100001.0,250000.0,INT,"$2,501-$5,000",11,"SP Note Receivable Orchard Way/JB $100,001-$250,000 INT $2,501-$5,000",gemini-3.1-flash-lite-preview,https://disclosures-clerk.house.gov/PublicDisclosure
29,9109429,2016,C,Rohit,Khanna,CA17,A_assets,Commercial properties: ALL,,SP,Rita Ahuja 1995 Trust,1000001.0,5000000.0,RENT,"$15,001-$50,000",13,"SP Rita Ahuja 1995 Trust: Commercial properties: ALL $1,000,001-$5,000,000 RENT $15,001-$50,000",gemini-3.1-flash-lite-preview,https://disclosures-clerk.house.gov/PublicDisclosure
30,9109429,2016,C,Rohit,Khanna,CA17,A_assets,"Harahan, FL",,SP,Rita Ahuja 1995 Trust,100001.0,250000.0,RENT,"$2,501-$5,000",13,"SP Harahan, FL $100,001-$250,000 RENT $2,501-$5,000",gemini-3.1-flash-lite-preview,https://disclosures-clerk.house.gov/PublicDisclosure
31,9109429,2016,C,Rohit,Khanna,CA17,A_assets,"Sarasota, FL",,SP,Rita Ahuja 1995 Trust,100001.0,250000.0,RENT,"$2,501-$5,000",13,"SP Sarasota, FL $100,001-$250,000 RENT $2,501-$5,000",gemini-3.1-flash-lite-preview,https://disclosures-clerk.house.gov/PublicDisclosure
32,9109429,2016,C,Rohit,Khanna,CA17,A_assets,"Walton, OH",,SP,Rita Ahuja 1995 Trust,100001.0,250000.0,RENT,"$2,501-$5,000",13,"SP Walton, OH $100,001-$250,000 RENT $2,501-$5,000",gemini-3.1-flash-lite-preview,https://disclosures-clerk.house.gov/PublicDisclosure
33,9109429,2016,C,Rohit,Khanna,CA17,A_assets,"Cincinnati, OH",,SP,Rita Ahuja 1995 Trust,100001.0,250000.0,RENT,"$2,501-$5,000",13,"SP Cincinnati, OH $100,001-$250,000 RENT $2,501-$5,000",gemini-3.1-flash-lite-preview,https://disclosures-clerk.house.gov/PublicDisclosure
34,9109429,2016,C,Rohit,Khanna,CA17,A_assets,Mura Holdings:,,SP,Rita Ahuja 1995 Trust,1000001.0,5000000.0,PTN INC,"$15,001-$50,000",13,"SP Mura Holdings: $1,000,001-$5,000,000 PTN INC $15,001-$50,000",gemini-3.1-flash-lite-preview,https://disclosures-clerk.house.gov/PublicDisclosure
35,9109429,2016,C,Rohit,Khanna,CA17,A_assets,MAI Capital Management LLC,,SP,Rita Ahuja 1995 Trust,100001.0,250000.0,DIV,"$2,501-$5,000",13,"SP MAI Capital Management LLC $100,001-$250,000 DIV $2,501-$5,000",gemini-3.1-flash-lite-preview,https://disclosures-clerk.house.gov/PublicDisclosure
36,9109429,2016,C,Rohit,Khanna,CA17,A_assets,Trademark,,SP,Rita Ahuja 1995 Trust,1.0,1000.0,,,13,"SP Trademark $1-$1,000",gemini-3.1-flash-lite-preview,https://disclosures-clerk.house.gov/PublicDisclosure
37,9109429,2016,C,Rohit,Khanna,CA17,A_assets,Huntington Bank Checking,,SP,Rita Ahuja 1995 Trust,15001.0,50000.0,,,13,"SP Huntington Bank Checking $15,001-$50,000",gemini-3.1-flash-lite-preview,https://disclosures-clerk.house.gov/PublicDisclosure
38,8217774,2018,A,Rohit,Khanna,CA17,A_assets,Ritu Ahuja 1994 & Ritu Ahuja 1996 Trust,,,,100001.0,250000.0,,,4,Ritu Ahuja 1994 & Ritu Ahuja 1996 Trust,gemini-3.1-flash-lite-preview,https://disclosures-clerk.house.gov/PublicDisclosure
39,8217774,2018,A,Rohit,Khanna,CA17,A_assets,M&R Trust Partnership,Partnership,,,100001.0,250000.0,Partnership,"$201-$1,000",4,M&R Trust Partnership,gemini-3.1-flash-lite-preview,https://disclosures-clerk.house.gov/PublicDisclosure
40,8217774,2018,A,Rohit,Khanna,CA17,A_assets,Resilience Fund IV LP,Partnership,SP,,100001.0,250000.0,Partnership,"$1,001-$2,500",4,SP Resilience Fund IV LP,gemini-3.1-flash-lite-preview,https://disclosures-clerk.house.gov/PublicDisclosure
41,8217774,2018,A,Rohit,Khanna,CA17,A_assets,Resilience Fund III LP,Partnership,DC,Grandchildren's Trust,15001.0,50000.0,Partnership,"$201-$1,000",5,Grandchildren's Trust DC Resilience Fund III LP Partnership,gemini-3.1-flash-lite-preview,https://disclosures-clerk.house.gov/PublicDisclosure
42,8217774,2018,A,Rohit,Khanna,CA17,A_assets,Resilience Fund IV LP,Partnership,DC,Grandchildren's Trust,15001.0,50000.0,Partnership,"$201-$1,000",5,Grandchildren's Trust DC Resilience Fund IV LP Partnership,gemini-3.1-flash-lite-preview,https://disclosures-clerk.house.gov/PublicDisclosure
43,8217774,2018,A,Rohit,Khanna,CA17,A_assets,"Resilience OneSky, LLC",Partnership,DC,Grandchildren's Trust,15001.0,50000.0,Partnership,,5,"Grandchildren's Trust DC Resilience OneSky, LLC Partnership",gemini-3.1-flash-lite-preview,https://disclosures-clerk.house.gov/PublicDisclosure
44,8217774,2018,A,Rohit,Khanna,CA17,A_assets,"Kayne Anderson Energy Fund 6, LP",Partnership,DC,Grandchildren's Trust,15001.0,50000.0,Partnership,,5,"Grandchildren's Trust DC Kayne Anderson Energy Fund 6, LP Partnership",gemini-3.1-flash-lite-preview,https://disclosures-clerk.house.gov/PublicDisclosure
45,8217774,2018,A,Rohit,Khanna,CA17,A_assets,ARECO LP,Partnership,,Ritu Ahuja 1996 Trust,100001.0,250000.0,Partnership,"$1,001-$2,500",5,Ritu Ahuja 1996 Trust ARECO LP Partnership,gemini-3.1-flash-lite-preview,https://disclosures-clerk.house.gov/PublicDisclosure
46,8217774,2018,A,Rohit,Khanna,CA17,A_assets,"MAI Wealth Income and Growth Fund, LP",Partnership,SP,Grandchildren's Trust,15001.0,50000.0,Partnership,"$201-$1,000",5,"Grandchildren's Trust SP MAI Wealth Income and Growth Fund, LP Partnership",gemini-3.1-flash-lite-preview,https://disclosures-clerk.house.gov/PublicDisclosure
47,8217774,2018,A,Rohit,Khanna,CA17,A_assets,"MAI Wealth Income and Growth Fund II, LP",Partnership,SP,Grandchildren's Trust,15001.0,50000.0,Partnership,"$201-$1,000",5,"Grandchildren's Trust SP MAI Wealth Income and Growth Fund II, LP Partnership",gemini-3.1-flash-lite-preview,https://disclosures-clerk.house.gov/PublicDisclosure
48,8217774,2018,A,Rohit,Khanna,CA17,A_assets,"MAI Wealth Income and Growth Fund, LP",Partnership,DC,Grandchildren's Trust,15001.0,50000.0,Partnership,"$201-$1,000",5,"Grandchildren's Trust DC MAI Wealth Income and Growth Fund, LP Partnership",gemini-3.1-flash-lite-preview,https://disclosures-clerk.house.gov/PublicDisclosure
49,8217774,2018,A,Rohit,Khanna,CA17,A_assets,"MAI Wealth Income and Growth Fund II, LP",Partnership,DC,Grandchildren's Trust,15001.0,50000.0,Partnership,"$201-$1,000",5,"Grandchildren's Trust DC MAI Wealth Income and Growth Fund II, LP Partnership",gemini-3.1-flash-lite-preview,https://disclosures-clerk.house.gov/PublicDisclosure
50,8217774,2018,A,Rohit,Khanna,CA17,A_assets,Park Center Plaza Holdings LP,Partnership,SP,Grandchildren's Trust,15001.0,50000.0,Partnership,,5,Grandchildren's Trust SP Park Center Plaza Holdings LP Partnership,gemini-3.1-flash-lite-preview,https://disclosures-clerk.house.gov/PublicDisclosure
51,8217774,2018,A,Rohit,Khanna,CA17,A_assets,Park Center Plaza Holdings LP,Partnership,DC,Grandchildren's Trust,15001.0,50000.0,Partnership,,5,Grandchildren's Trust DC Park Center Plaza Holdings LP Partnership,gemini-3.1-flash-lite-preview,https://disclosures-clerk.house.gov/PublicDisclosure
52,8217774,2018,A,Rohit,Khanna,CA17,A_assets,M&R Trust Partnership,Partnership,,Grandchildren's Trust,100001.0,250000.0,Partnership,"$1,001-$2,500",6,Grandchildren's Trust M&R Trust Partnership,gemini-3.1-flash-lite-preview,https://disclosures-clerk.house.gov/PublicDisclosure
53,8217774,2018,A,Rohit,Khanna,CA17,A_assets,Fidelis Investors LP (c),Partnership,SP,Grandchildren's Trust,15001.0,50000.0,Partnership,"$1,001-$2,500",6,Grandchildren's Trust SP Fidelis Investors LP (c) Partnership,gemini-3.1-flash-lite-preview,https://disclosures-clerk.house.gov/PublicDisclosure
54,8217774,2018,A,Rohit,Khanna,CA17,A_assets,Global Private Opportunities II LP (c),Partnership,SP,Grandchildren's Trust,15001.0,50000.0,Partnership,"$1,001-$2,500",6,Grandchildren's Trust SP Global Private Opportunities II LP (c) Partnership,gemini-3.1-flash-lite-preview,https://disclosures-clerk.house.gov/PublicDisclosure
55,8217774,2018,A,Rohit,Khanna,CA17,A_assets,KKR Principal Opportunities Access LP (c),Partnership,SP,Grandchildren's Trust,15001.0,50000.0,Partnership,"$1,001-$2,500",6,Grandchildren's Trust SP KKR Principal Opportunities Access LP (c) Partnership,gemini-3.1-flash-lite-preview,https://disclosures-clerk.house.gov/PublicDisclosure
56,8217774,2018,A,Rohit,Khanna,CA17,A_assets,Vintage IV LP (c),Partnership,SP,Grandchildren's Trust,15001.0,50000.0,Partnership,"$1,001-$2,500",6,Grandchildren's Trust SP Vintage IV LP (c) Partnership,gemini-3.1-flash-lite-preview,https://disclosures-clerk.house.gov/PublicDisclosure
57,8217774,2018,A,Rohit,Khanna,CA17,A_assets,Fidelis Investors LP (c),Partnership,DC,Grandchildren's Trust,15001.0,50000.0,Partnership,"$1,001-$2,500",6,Grandchildren's Trust DC Fidelis Investors LP (c) Partnership,gemini-3.1-flash-lite-preview,https://disclosures-clerk.house.gov/PublicDisclosure
58,8217774,2018,A,Rohit,Khanna,CA17,A_assets,KKR Principal Opportunities Access LP (c),Partnership,DC,Grandchildren's Trust,15001.0,50000.0,Partnership,"$1,001-$2,500",6,Grandchildren's Trust DC KKR Principal Opportunities Access LP (c) Partnership,gemini-3.1-flash-lite-preview,https://disclosures-clerk.house.gov/PublicDisclosure
59,8217775,2019,A,Rohit,Khanna,CA17,A_assets,"Resilience Onesky, LLC",Partnership,DC,Grandchildren's Trust,1001.0,15000.0,Partnership,$1-$200,4,"DC Resilience Onesky, LLC X X Partnership X",gemini-3.1-flash-lite-preview,https://disclosures-clerk.house.gov/PublicDisclosure
60,8217775,2019,A,Rohit,Khanna,CA17,A_assets,ARECO LP,Partnership,DC,Grandchildren's Trust,15001.0,50000.0,Partnership,"$201-$1,000",4,DC ARECO LP X X Partnership X,gemini-3.1-flash-lite-preview,https://disclosures-clerk.house.gov/PublicDisclosure
61,8217775,2019,A,Rohit,Khanna,CA17,A_assets,"MAI Wealth Income and Growth Fund IV, LP",Partnership,SP,,100001.0,250000.0,Partnership,"$1,001-$2,500",4,"SP MAI Wealth Income and Growth Fund IV, LP X X Partnership X",gemini-3.1-flash-lite-preview,https://disclosures-clerk.house.gov/PublicDisclosure
62,8217775,2019,A,Rohit,Khanna,CA17,A_assets,M&R Trust Partnership,Partnership,SP,,15001.0,50000.0,Partnership,,4,SP M&R Trust Partnership X Partnership,gemini-3.1-flash-lite-preview,https://disclosures-clerk.house.gov/PublicDisclosure
63,8217775,2019,A,Rohit,Khanna,CA17,A_assets,Petershill II LP,Partnership,SP,,50001.0,100000.0,Partnership,"$2,501-$5,000",4,SP Petershill II LP X X Partnership X,gemini-3.1-flash-lite-preview,https://disclosures-clerk.house.gov/PublicDisclosure
64,8217775,2019,A,Rohit,Khanna,CA17,A_assets,Private Equity Managers (Concentrated) LP,Partnership,SP,,100001.0,250000.0,Partnership,,4,SP Private Equity Managers (Concentrated) LP X Partnership,gemini-3.1-flash-lite-preview,https://disclosures-clerk.house.gov/PublicDisclosure
65,8217775,2019,A,Rohit,Khanna,CA17,A_assets,Vintage IV LP,Partnership,SP,,15001.0,50000.0,Partnership,"$1,001-$2,500",4,SP Vintage IV LP X X Partnership X,gemini-3.1-flash-lite-preview,https://disclosures-clerk.house.gov/PublicDisclosure
66,8217775,2019,A,Rohit,Khanna,CA17,A_assets,KKR Principal Opportunities Access LP,Partnership,SP,,100001.0,250000.0,Partnership,"$5,001-$15,000",4,SP KKR Principal Opportunities Access LP X X Partnership X,gemini-3.1-flash-lite-preview,https://disclosures-clerk.house.gov/PublicDisclosure
67,8218509,2020,A,Rohit,Khanna,CA17,A_assets,FIDELIS INVESTORS LP,PTRN,DC,Grandchildren's Trust,15001.0,50000.0,PTRN,"$201-$1,000",3,"DC FIDELIS INVESTORS LP PTRN $15,001-$50,000 PTRN $201-$1,000",gemini-3.1-flash-lite-preview,https://disclosures-clerk.house.gov/PublicDisclosure
68,8218509,2020,A,Rohit,Khanna,CA17,A_assets,GROWTH AND EMERGING MARKETS PRIVATE EQUITY MANAGERS LP,PTRN,DC,Grandchildren's Trust,15001.0,50000.0,PTRN,"$2,501-$5,000",3,"DC GROWTH AND EMERGING MARKETS PRIVATE EQUITY MANAGERS LP PTRN $15,001-$50,000 PTRN $2,501-$5,000",gemini-3.1-flash-lite-preview,https://disclosures-clerk.house.gov/PublicDisclosure
69,8218509,2020,A,Rohit,Khanna,CA17,A_assets,KKR PRINCIPAL OPPORTUNITIES ACCESS LP,PTRN,DC,Grandchildren's Trust,15001.0,50000.0,PTRN,,3,"DC KKR PRINCIPAL OPPORTUNITIES ACCESS LP PTRN $15,001-$50,000 PTRN",gemini-3.1-flash-lite-preview,https://disclosures-clerk.house.gov/PublicDisclosure
70,8218509,2020,A,Rohit,Khanna,CA17,A_assets,TPG TECH ADJACENCIES ACCESS LLC,PTRN,DC,Grandchildren's Trust,15001.0,50000.0,PTRN,,3,"DC TPG TECH ADJACENCIES ACCESS LLC PTRN $15,001-$50,000 PTRN",gemini-3.1-flash-lite-preview,https://disclosures-clerk.house.gov/PublicDisclosure
71,8218509,2020,A,Rohit,Khanna,CA17,A_assets,VINTAGE VIII/WEST STREET CAPITAL PARTNERS VIII ACCESS LP,PTRN,DC,Grandchildren's Trust,15001.0,50000.0,PTRN,"$1,001-$2,500",3,"DC VINTAGE VIII/WEST STREET CAPITAL PARTNERS VIII ACCESS LP PTRN $15,001-$50,000 PTRN $1,001-$2,500",gemini-3.1-flash-lite-preview,https://disclosures-clerk.house.gov/PublicDisclosure
72,8218509,2020,A,Rohit,Khanna,CA17,A_assets,"WEST STREET ENERGY PARTNERS, L.P.",PTRN,DC,Grandchildren's Trust,15001.0,50000.0,PTRN,,3,"DC WEST STREET ENERGY PARTNERS, L.P. PTRN $15,001-$50,000 PTRN",gemini-3.1-flash-lite-preview,https://disclosures-clerk.house.gov/PublicDisclosure
73,8218509,2020,A,Rohit,Khanna,CA17,A_assets,M & R Trust Partnership,PTRN,SP,,100001.0,250000.0,PTRN,,3,"SP M & R Trust Partnership PTRN $100,001-$250,000 PTRN",gemini-3.1-flash-lite-preview,https://disclosures-clerk.house.gov/PublicDisclosure
74,8218509,2020,A,Rohit,Khanna,CA17,A_assets,FIDELIS INVESTORS LP,PTRN,SP,,15001.0,50000.0,PTRN,,3,"SP FIDELIS INVESTORS LP PTRN $15,001-$50,000 PTRN",gemini-3.1-flash-lite-preview,https://disclosures-clerk.house.gov/PublicDisclosure
75,8218509,2020,A,Rohit,Khanna,CA17,A_assets,M & R Trust Partnership,PTRN,SP,,100001.0,250000.0,PTRN,,4,"SP M & R Trust Partnership PTRN $100,001-$250,000 PTRN",gemini-3.1-flash-lite-preview,https://disclosures-clerk.house.gov/PublicDisclosure
76,8218509,2020,A,Rohit,Khanna,CA17,A_assets,GLOBAL LONG SHORT PARTNERS LTD 100% OF FUNDS ASSETS IN ILLIQUID INVESTMENTS,PTRN,SP,,100001.0,250000.0,PTRN,"$5,001-$15,000",4,"SP GLOBAL LONG SHORT PARTNERS LTD 100% OF FUNDS ASSETS IN ILLIQUID INVESTMENTS PTRN $100,001-$250,000 PTRN $5,001-$15,000",gemini-3.1-flash-lite-preview,https://disclosures-clerk.house.gov/PublicDisclosure
77,8218509,2020,A,Rohit,Khanna,CA17,A_assets,GROWTH AND EMERGING MARKETS PRIVATE EQUITY MANAGERS LP,PTRN,SP,,15001.0,50000.0,PTRN,"$2,501-$5,000",4,"SP GROWTH AND EMERGING MARKETS PRIVATE EQUITY MANAGERS LP PTRN $15,001-$50,000 PTRN $2,501-$5,000",gemini-3.1-flash-lite-preview,https://disclosures-clerk.house.gov/PublicDisclosure
78,8218509,2020,A,Rohit,Khanna,CA17,A_assets,KKR PRINCIPAL OPPORTUNITIES ACCESS LP,PTRN,SP,,15001.0,50000.0,PTRN,,4,"SP KKR PRINCIPAL OPPORTUNITIES ACCESS LP PTRN $15,001-$50,000 PTRN",gemini-3.1-flash-lite-preview,https://disclosures-clerk.house.gov/PublicDisclosure
79,8218509,2020,A,Rohit,Khanna,CA17,A_assets,MOUNT KELLETT CAPITAL PARTNERS II,PTRN,SP,,15001.0,50000.0,PTRN,,4,"SP MOUNT KELLETT CAPITAL PARTNERS II PTRN $15,001-$50,000 PTRN",gemini-3.1-flash-lite-preview,https://disclosures-clerk.house.gov/PublicDisclosure
80,8218509,2020,A,Rohit,Khanna,CA17,A_assets,PETERSHILL II LP,PTRN,SP,,15001.0,50000.0,PTRN,"$1,001-$2,500",4,"SP PETERSHILL II LP PTRN $15,001-$50,000 PTRN $1,001-$2,500",gemini-3.1-flash-lite-preview,https://disclosures-clerk.house.gov/PublicDisclosure
81,8218509,2020,A,Rohit,Khanna,CA17,A_assets,PRIVATE EQUITY MANAGERS (CONCENTRATED) LP,PTRN,SP,,15001.0,50000.0,PTRN,,4,"SP PRIVATE EQUITY MANAGERS (CONCENTRATED) LP PTRN $15,001-$50,000 PTRN",gemini-3.1-flash-lite-preview,https://disclosures-clerk.house.gov/PublicDisclosure
82,8218509,2020,A,Rohit,Khanna,CA17,A_assets,REDBIRD SERIES 2019 ACCESS LLC,PTRN,SP,,15001.0,50000.0,PTRN,,4,"SP REDBIRD SERIES 2019 ACCESS LLC PTRN $15,001-$50,000 PTRN",gemini-3.1-flash-lite-preview,https://disclosures-clerk.house.gov/PublicDisclosure
83,8218509,2020,A,Rohit,Khanna,CA17,A_assets,TPG TECH ADJACENCIES ACCESS LLC,PTRN,SP,,15001.0,50000.0,PTRN,,4,"SP TPG TECH ADJACENCIES ACCESS LLC PTRN $15,001-$50,000 PTRN",gemini-3.1-flash-lite-preview,https://disclosures-clerk.house.gov/PublicDisclosure
84,8218509,2020,A,Rohit,Khanna,CA17,A_assets,VINTAGE IV LP,PTRN,SP,,15001.0,50000.0,PTRN,,4,"SP VINTAGE IV LP PTRN $15,001-$50,000 PTRN",gemini-3.1-flash-lite-preview,https://disclosures-clerk.house.gov/PublicDisclosure
85,8218509,2020,A,Rohit,Khanna,CA17,A_assets,M & R Trust Partnership,PTRN,SP,,100001.0,250000.0,PTRN,,5,"SP M & R Trust Partnership PTRN $100,001-$250,000 PTRN",gemini-3.1-flash-lite-preview,https://disclosures-clerk.house.gov/PublicDisclosure
86,8218509,2020,A,Rohit,Khanna,CA17,A_assets,VINTAGE VIII/WEST STREET CAPITAL PARTNERS VIII ACCESS LP,PTRN,SP,,15001.0,50000.0,PTRN,"$1,001-$2,500",5,"SP VINTAGE VIII/WEST STREET CAPITAL PARTNERS VIII ACCESS LP PTRN $15,001-$50,000 PTRN $1,001-$2,500",gemini-3.1-flash-lite-preview,https://disclosures-clerk.house.gov/PublicDisclosure
87,8218509,2020,A,Rohit,Khanna,CA17,A_assets,WEST STREET CAPITAL PARTNERS VII L.P.,PTRN,SP,,15001.0,50000.0,PTRN,,5,"SP WEST STREET CAPITAL PARTNERS VII L.P. PTRN $15,001-$50,000 PTRN",gemini-3.1-flash-lite-preview,https://disclosures-clerk.house.gov/PublicDisclosure
88,8218509,2020,A,Rohit,Khanna,CA17,A_assets,"WEST STREET ENERGY PARTNERS, L.P.",PTRN,SP,,15001.0,50000.0,PTRN,,5,"SP WEST STREET ENERGY PARTNERS, L.P. PTRN $15,001-$50,000 PTRN",gemini-3.1-flash-lite-preview,https://disclosures-clerk.house.gov/PublicDisclosure
89,8218509,2020,A,Rohit,Khanna,CA17,A_assets,M & R Trust Partnership,PTRN,SP,,100001.0,250000.0,PTRN,,6,"SP M & R Trust Partnership PTRN $100,001-$250,000 PTRN",gemini-3.1-flash-lite-preview,https://disclosures-clerk.house.gov/PublicDisclosure
90,8218509,2020,A,Rohit,Khanna,CA17,A_assets,Ritu Ahuja 1994 Trust,PTRN,SP,,100001.0,250000.0,PTRN,,6,"SP Ritu Ahuja 1994 Trust PTRN $100,001-$250,000 PTRN",gemini-3.1-flash-lite-preview,https://disclosures-clerk.house.gov/PublicDisclosure
91,8218509,2020,A,Rohit,Khanna,CA17,A_assets,Ritu Ahuja 1995 Trust,PTRN,SP,,100001.0,250000.0,PTRN,,6,"SP Ritu Ahuja 1995 Trust PTRN $100,001-$250,000 PTRN",gemini-3.1-flash-lite-preview,https://disclosures-clerk.house.gov/PublicDisclosure
92,8218509,2020,A,Rohit,Khanna,CA17,A_assets,Resilience Fund IV,PTRN,SP,,100001.0,250000.0,PTRN,,6,"SP Resilience Fund IV PTRN $100,001-$250,000 PTRN",gemini-3.1-flash-lite-preview,https://disclosures-clerk.house.gov/PublicDisclosure
93,8218509,2020,A,Rohit,Khanna,CA17,A_assets,Kayne Anderson EF6,PTRN,DC,Grandchildren's Trust,15001.0,50000.0,PTRN,,6,"DC Kayne Anderson EF6 PTRN $15,001-$50,000 PTRN",gemini-3.1-flash-lite-preview,https://disclosures-clerk.house.gov/PublicDisclosure
94,8218509,2020,A,Rohit,Khanna,CA17,A_assets,Resilience Fund IV,PTRN,DC,Grandchildren's Trust,15001.0,50000.0,PTRN,,6,"DC Resilience Fund IV PTRN $15,001-$50,000 PTRN",gemini-3.1-flash-lite-preview,https://disclosures-clerk.house.gov/PublicDisclosure
95,8218509,2020,A,Rohit,Khanna,CA17,A_assets,ARECO LP,PTRN,DC,Grandchildren's Trust,15001.0,50000.0,PTRN,,6,"DC ARECO LP PTRN $15,001-$50,000 PTRN",gemini-3.1-flash-lite-preview,https://disclosures-clerk.house.gov/PublicDisclosure
96,8218509,2020,A,Rohit,Khanna,CA17,A_assets,Ritu Ahuja 1995 Trust,PTRN,DC,Grandchildren's Trust,100001.0,250000.0,PTRN,,6,"DC Ritu Ahuja 1995 Trust PTRN $100,001-$250,000 PTRN",gemini-3.1-flash-lite-preview,https://disclosures-clerk.house.gov/PublicDisclosure
97,8218509,2020,A,Rohit,Khanna,CA17,A_assets,Park Center Plaza,PTRN,DC,Grandchildren's Trust,100001.0,250000.0,PTRN,,6,"DC Park Center Plaza PTRN $100,001-$250,000 PTRN",gemini-3.1-flash-lite-preview,https://disclosures-clerk.house.gov/PublicDisclosure
98,8218509,2020,A,Rohit,Khanna,CA17,A_assets,MAI Industrial Warehouse Fund,PTRN,DC,Grandchildren's Trust,100001.0,250000.0,PTRN,,6,"DC MAI Industrial Warehouse Fund PTRN $100,001-$250,000 PTRN",gemini-3.1-flash-lite-preview,https://disclosures-clerk.house.gov/PublicDisclosure
99,8218509,2020,A,Rohit,Khanna,CA17,A_assets,Park Center Plaza,PTRN,SP,,100001.0,250000.0,PTRN,,6,"SP Park Center Plaza PTRN $100,001-$250,000 PTRN",gemini-3.1-flash-lite-preview,https://disclosures-clerk.house.gov/PublicDisclosure
100,8218509,2020,A,Rohit,Khanna,CA17,A_assets,MAI Industrial Warehouse Fund,PTRN,SP,,100001.0,250000.0,PTRN,,6,"SP MAI Industrial Warehouse Fund PTRN $100,001-$250,000 PTRN",gemini-3.1-flash-lite-preview,https://disclosures-clerk.house.gov/PublicDisclosure
101,8219341,2021,A,Rohit,Khanna,CA17,A_assets,Translar/speedstar Holding Co.,PTN,DC,2010 Grandchildren Trust,1001.0,15000.0,PTN INC,"$201-$1,000",2,"DC Translar/speedstar Holding Co. PTN $1,001-$15,000 PTN INC $201-$1,000",gemini-3.1-flash-lite-preview,https://disclosures-clerk.house.gov/PublicDisclosure
102,8219341,2021,A,Rohit,Khanna,CA17,A_assets,"Kayne Anderson Real Estate Partners III, L.P",PTN,DC,2010 Grandchildren Trust,15001.0,50000.0,PTN INC,"$201-$1,000",2,"DC Kayne Anderson Real Estate Partners III, L.P PTN $15,001-$50,000 PTN INC $201-$1,000",gemini-3.1-flash-lite-preview,https://disclosures-clerk.house.gov/PublicDisclosure
103,8219341,2021,A,Rohit,Khanna,CA17,A_assets,Kayne Anderson Real Estate Opportunistic,PTN,DC,2010 Grandchildren Trust,15001.0,50000.0,PTN INC,"$201-$1,000",2,"DC Kayne Anderson Real Estate Opportunistic PTN $15,001-$50,000 PTN INC $201-$1,000",gemini-3.1-flash-lite-preview,https://disclosures-clerk.house.gov/PublicDisclosure
104,8219341,2021,A,Rohit,Khanna,CA17,A_assets,Kayne Anderson Renewable Infrastructure Fu,PTN,DC,2010 Grandchildren Trust,15001.0,50000.0,PTN INC,"$201-$1,000",2,"DC Kayne Anderson Renewable Infrastructure Fu PTN $15,001-$50,000 PTN INC $201-$1,000",gemini-3.1-flash-lite-preview,https://disclosures-clerk.house.gov/PublicDisclosure
105,8219341,2021,A,Rohit,Khanna,CA17,A_assets,Resilience Fund II LP,PTN,DC,2010 Grandchildren Trust,15001.0,50000.0,PTN INC,"$201-$1,000",2,"DC Resilience Fund II LP PTN $15,001-$50,000 PTN INC $201-$1,000",gemini-3.1-flash-lite-preview,https://disclosures-clerk.house.gov/PublicDisclosure
106,8219341,2021,A,Rohit,Khanna,CA17,A_assets,"Strategic Value FNBA Investors LP, First Nat",PTN,DC,2010 Grandchildren Trust,1001.0,15000.0,PTN INC,"$201-$1,000",2,"DC Strategic Value FNBA Investors LP, First Nat PTN $1,001-$15,000 PTN INC $201-$1,000",gemini-3.1-flash-lite-preview,https://disclosures-clerk.house.gov/PublicDisclosure
107,8219341,2021,A,Rohit,Khanna,CA17,A_assets,"Kayne Anderson Energy Fund 6, LP",PTN,DC,2020 Trust FBO Khanna Children,15001.0,50000.0,PTN INC,"$201-$1,000",2,"DC Kayne Anderson Energy Fund 6, LP PTN $15,001-$50,000 PTN INC $201-$1,000",gemini-3.1-flash-lite-preview,https://disclosures-clerk.house.gov/PublicDisclosure
108,8219341,2021,A,Rohit,Khanna,CA17,A_assets,"Resilience OneSky, L.L.C.",PTN,DC,2020 Trust FBO Khanna Children,15001.0,50000.0,PTN INC,"$201-$1,000",2,"DC Resilience OneSky, L.L.C. PTN $15,001-$50,000 PTN INC $201-$1,000",gemini-3.1-flash-lite-preview,https://disclosures-clerk.house.gov/PublicDisclosure
109,8219341,2021,A,Rohit,Khanna,CA17,A_assets,"MAI Capital Income and Growth Fund II, LP",PTN,DC,2010 Grandchildren Trust,15001.0,50000.0,PTN INC,"$201-$1,000",3,"DC MAI Capital Income and Growth Fund II, LP PTN $15,001-$50,000 PTN INC $201-$1,000",gemini-3.1-flash-lite-preview,https://disclosures-clerk.house.gov/PublicDisclosure
110,8219341,2021,A,Rohit,Khanna,CA17,A_assets,"MAI Capital Income and Growth Fund III, LP",PTN,DC,2010 Grandchildren Trust,15001.0,50000.0,PTN INC,"$201-$1,000",3,"DC MAI Capital Income and Growth Fund III, LP PTN $15,001-$50,000 PTN INC $201-$1,000",gemini-3.1-flash-lite-preview,https://disclosures-clerk.house.gov/PublicDisclosure
111,8219341,2021,A,Rohit,Khanna,CA17,A_assets,"MAI Capital Income and Growth Fund IV, LP",PTN,DC,2010 Grandchildren Trust,15001.0,50000.0,PTN INC,"$201-$1,000",3,"DC MAI Capital Income and Growth Fund IV, LP PTN $15,001-$50,000 PTN INC $201-$1,000",gemini-3.1-flash-lite-preview,https://disclosures-clerk.house.gov/PublicDisclosure
112,8219341,2021,A,Rohit,Khanna,CA17,A_assets,"MAI Capital Income and Growth Fund V, LP",PTN,DC,2010 Grandchildren Trust,15001.0,50000.0,PTN INC,"$201-$1,000",3,"DC MAI Capital Income and Growth Fund V, LP PTN $15,001-$50,000 PTN INC $201-$1,000",gemini-3.1-flash-lite-preview,https://disclosures-clerk.house.gov/PublicDisclosure
113,8219341,2021,A,Rohit,Khanna,CA17,A_assets,Citymark US Apt Fund II,PTN,DC,2010 Grandchildren Trust,15001.0,50000.0,PTN INC,"$201-$1,000",3,"DC Citymark US Apt Fund II PTN $15,001-$50,000 PTN INC $201-$1,000",gemini-3.1-flash-lite-preview,https://disclosures-clerk.house.gov/PublicDisclosure
114,8219341,2021,A,Rohit,Khanna,CA17,A_assets,MAI Industrial Warehouse Fund,PTN,DC,2010 Grandchildren Trust,15001.0,50000.0,PTN INC,"$201-$1,000",3,"DC MAI Industrial Warehouse Fund PTN $15,001-$50,000 PTN INC $201-$1,000",gemini-3.1-flash-lite-preview,https://disclosures-clerk.house.gov/PublicDisclosure
115,8219341,2021,A,Rohit,Khanna,CA17,A_assets,"MAI Diversified Real Estate Income Fund, LP",PTN,DC,2020 Trust FBO Khanna Children,15001.0,50000.0,PTN INC,"$201-$1,000",3,"DC MAI Diversified Real Estate Income Fund, LP PTN $15,001-$50,000 PTN INC $201-$1,000",gemini-3.1-flash-lite-preview,https://disclosures-clerk.house.gov/PublicDisclosure
116,8219341,2021,A,Rohit,Khanna,CA17,A_assets,"MAI Capital Management, LLC",PTN,SP,MURA Holdings - Ritu Ahuja 1994 Trust,1000001.0,5000000.0,PTN INC,"$100,001-$1,000,000",4,"SP MAI Capital Management, LLC PTN $1,000,001-$5,000,000 PTN INC $100,001-$1,000,000",gemini-3.1-flash-lite-preview,https://disclosures-clerk.house.gov/PublicDisclosure
117,8219341,2021,A,Rohit,Khanna,CA17,A_assets,Jana Strategic Benchmarks Series A,PTN,SP,MURA Holdings - Ritu Ahuja 1994 Trust,100001.0,250000.0,PTN INC,"$15,001-$50,000",4,"SP Jana Strategic Benchmarks Series A PTN $100,001-$250,000 PTN INC $15,001-$50,000",gemini-3.1-flash-lite-preview,https://disclosures-clerk.house.gov/PublicDisclosure
118,8219341,2021,A,Rohit,Khanna,CA17,A_assets,Jana,PTN,DC,MURA Holdings - 2020 Trust FBO Khanna Children,100001.0,250000.0,PTN INC,"$15,001-$50,000",4,"DC Jana PTN $100,001-$250,000 PTN INC $15,001-$50,000",gemini-3.1-flash-lite-preview,https://disclosures-clerk.house.gov/PublicDisclosure
119,8219341,2021,A,Rohit,Khanna,CA17,A_assets,GLOBAL LONG SHORT PARTNERS 100%,PTN,DC,MURA Holdings - 2020 Trust FBO Khanna Children,15001.0,50000.0,PTN INC,"$2,501-$5,000",5,"DC GLOBAL LONG SHORT PARTNERS 100% PTN $15,001-$50,000 PTN INC $2,501-$5,000",gemini-3.1-flash-lite-preview,https://disclosures-clerk.house.gov/PublicDisclosure
120,8219341,2021,A,Rohit,Khanna,CA17,A_assets,KKR PRINCIPAL OPPORTUNITIES ACCES,PTN,DC,MURA Holdings - 2020 Trust FBO Khanna Children,15001.0,50000.0,PTN INC,"$201-$1,000",5,"DC KKR PRINCIPAL OPPORTUNITIES ACCES PTN $15,001-$50,000 PTN INC $201-$1,000",gemini-3.1-flash-lite-preview,https://disclosures-clerk.house.gov/PublicDisclosure
121,8219341,2021,A,Rohit,Khanna,CA17,A_assets,MOUNT KELLETT PARTNERS II A,PTN,DC,MURA Holdings - 2020 Trust FBO Khanna Children,15001.0,50000.0,PTN INC,"$201-$1,000",5,"DC MOUNT KELLETT PARTNERS II A PTN $15,001-$50,000 PTN INC $201-$1,000",gemini-3.1-flash-lite-preview,https://disclosures-clerk.house.gov/PublicDisclosure
122,8219341,2021,A,Rohit,Khanna,CA17,A_assets,PETERSHILL II P,PTN,DC,MURA Holdings - 2020 Trust FBO Khanna Children,15001.0,50000.0,PTN INC,"$201-$1,000",5,"DC PETERSHILL II P PTN $15,001-$50,000 PTN INC $201-$1,000",gemini-3.1-flash-lite-preview,https://disclosures-clerk.house.gov/PublicDisclosure
123,8219341,2021,A,Rohit,Khanna,CA17,A_assets,PRIVATE EQUITY MANAGERS (CONCENT,PTN,DC,MURA Holdings - 2020 Trust FBO Khanna Children,15001.0,50000.0,PTN INC,"$201-$1,000",5,"DC PRIVATE EQUITY MANAGERS (CONCENT PTN $15,001-$50,000 PTN INC $201-$1,000",gemini-3.1-flash-lite-preview,https://disclosures-clerk.house.gov/PublicDisclosure
124,8219341,2021,A,Rohit,Khanna,CA17,A_assets,REDBIRD SERIES 2019 ACCESS LLC,PTN,DC,MURA Holdings - 2020 Trust FBO Khanna Children,15001.0,50000.0,PTN INC,"$201-$1,000",5,"DC REDBIRD SERIES 2019 ACCESS LLC PTN $15,001-$50,000 PTN INC $201-$1,000",gemini-3.1-flash-lite-preview,https://disclosures-clerk.house.gov/PublicDisclosure
125,8219341,2021,A,Rohit,Khanna,CA17,A_assets,THOMAS H LEE EQUITY VI ACCESS LLC,PTN,DC,MURA Holdings - 2020 Trust FBO Khanna Children,15001.0,50000.0,PTN INC,"$201-$1,000",5,"DC THOMAS H LEE EQUITY VI ACCESS LLC PTN $15,001-$50,000 PTN INC $201-$1,000",gemini-3.1-flash-lite-preview,https://disclosures-clerk.house.gov/PublicDisclosure
126,8219341,2021,A,Rohit,Khanna,CA17,A_assets,TFPG TECH ADJACENCES ACCESS LLC,PTN,DC,MURA Holdings - 2020 Trust FBO Khanna Children,15001.0,50000.0,PTN INC,"$201-$1,000",5,"DC TFPG TECH ADJACENCES ACCESS LLC PTN $15,001-$50,000 PTN INC $201-$1,000",gemini-3.1-flash-lite-preview,https://disclosures-clerk.house.gov/PublicDisclosure
127,8219341,2021,A,Rohit,Khanna,CA17,A_assets,VINTAGE VIII WEST STREET CAPITAL PAR,PTN,DC,MURA Holdings - 2020 Trust FBO Khanna Children,15001.0,50000.0,PTN INC,"$201-$1,000",5,"DC VINTAGE VIII WEST STREET CAPITAL PAR PTN $15,001-$50,000 PTN INC $201-$1,000",gemini-3.1-flash-lite-preview,https://disclosures-clerk.house.gov/PublicDisclosure
128,8219341,2021,A,Rohit,Khanna,CA17,A_assets,WEST STREET CAPITAL PARTNERS CO-II,PTN,DC,MURA Holdings - 2020 Trust FBO Khanna Children,15001.0,50000.0,PTN INC,"$201-$1,000",5,"DC WEST STREET CAPITAL PARTNERS CO-II PTN $15,001-$50,000 PTN INC $201-$1,000",gemini-3.1-flash-lite-preview,https://disclosures-clerk.house.gov/PublicDisclosure
129,8219341,2021,A,Rohit,Khanna,CA17,A_assets,"WEST STREET CAPITAL PARTNERS VII, L",PTN,DC,MURA Holdings - 2020 Trust FBO Khanna Children,15001.0,50000.0,PTN INC,"$201-$1,000",5,"DC WEST STREET CAPITAL PARTNERS VII, L PTN $15,001-$50,000 PTN INC $201-$1,000",gemini-3.1-flash-lite-preview,https://disclosures-clerk.house.gov/PublicDisclosure
130,8219341,2021,A,Rohit,Khanna,CA17,A_assets,"WEST STREET CAPITAL PARTNERS VIII, L",PTN,DC,MURA Holdings - 2020 Trust FBO Khanna Children,15001.0,50000.0,PTN INC,"$201-$1,000",5,"DC WEST STREET CAPITAL PARTNERS VIII, L PTN $15,001-$50,000 PTN INC $201-$1,000",gemini-3.1-flash-lite-preview,https://disclosures-clerk.house.gov/PublicDisclosure
131,8219341,2021,A,Rohit,Khanna,CA17,A_assets,"WEST STREET ENERGY PARTNERS, L.P.",PTN,DC,MURA Holdings - 2020 Trust FBO Khanna Children,15001.0,50000.0,PTN INC,"$201-$1,000",5,"DC WEST STREET ENERGY PARTNERS, L.P. PTN $15,001-$50,000 PTN INC $201-$1,000",gemini-3.1-flash-lite-preview,https://disclosures-clerk.house.gov/PublicDisclosure
132,8219341,2021,A,Rohit,Khanna,CA17,A_assets,WEST STREET GLOBAL GROWTH PARTN,PTN,DC,MURA Holdings - 2020 Trust FBO Khanna Children,15001.0,50000.0,PTN INC,"$201-$1,000",5,"DC WEST STREET GLOBAL GROWTH PARTN PTN $15,001-$50,000 PTN INC $201-$1,000",gemini-3.1-flash-lite-preview,https://disclosures-clerk.house.gov/PublicDisclosure
133,8219341,2021,A,Rohit,Khanna,CA17,A_assets,WEST STREET STRATEGIC SOLUTIONS F,PTN,DC,MURA Holdings - 2020 Trust FBO Khanna Children,15001.0,50000.0,PTN INC,"$201-$1,000",5,"DC WEST STREET STRATEGIC SOLUTIONS F PTN $15,001-$50,000 PTN INC $201-$1,000",gemini-3.1-flash-lite-preview,https://disclosures-clerk.house.gov/PublicDisclosure
134,8220123,2022,A,Rohit,Khanna,CA17,A_assets,2010 Grandchildren Trust,,DC,,100001.0,250000.0,,,2,DC 2010 Grandchildren Trust,gemini-3.1-flash-lite-preview,https://disclosures-clerk.house.gov/PublicDisclosure
135,8220123,2022,A,Rohit,Khanna,CA17,A_assets,"EPCP Spacestar Distribution, Walton Hills, OH",PTN,DC,2010 Grandchildren Trust,100001.0,250000.0,PTN INC,"$201-$1,000",2,"DC EPCP Spacestar Distribution, Walton Hills, OH PTN",gemini-3.1-flash-lite-preview,https://disclosures-clerk.house.gov/PublicDisclosure
136,8220123,2022,A,Rohit,Khanna,CA17,A_assets,Ritu Ahuja 1994 Trust,,SP,,100001.0,250000.0,,,2,SP Ritu Ahuja 1994 Trust,gemini-3.1-flash-lite-preview,https://disclosures-clerk.house.gov/PublicDisclosure
137,8220123,2022,A,Rohit,Khanna,CA17,A_assets,"Kayne Anderson Mezzanine Partners (QP), L.P.",PTN,SP,Ritu Ahuja 1994 Trust,100001.0,250000.0,PTN INC,"$201-$1,000",2,"SP Kayne Anderson Mezzanine Partners (QP), L.P. PTN",gemini-3.1-flash-lite-preview,https://disclosures-clerk.house.gov/PublicDisclosure
138,8220123,2022,A,Rohit,Khanna,CA17,A_assets,M&R Trust Partnership,,,,100001.0,250000.0,,,2,M&R Trust Partnership,gemini-3.1-flash-lite-preview,https://disclosures-clerk.house.gov/PublicDisclosure
139,8220123,2022,A,Rohit,Khanna,CA17,A_assets,- 2020 Trust FBO Khanna Children,,DC,M&R Trust Partnership,100001.0,250000.0,,,2,DC - 2020 Trust FBO Khanna Children,gemini-3.1-flash-lite-preview,https://disclosures-clerk.house.gov/PublicDisclosure
140,8220123,2022,A,Rohit,Khanna,CA17,A_assets,"Kayne Credit Opportunities Fund, L.P.",PTN,DC,M&R Trust Partnership - 2020 Trust FBO Khanna Children,15001.0,50000.0,PTN INC,"$201-$1,000",2,"DC Kayne Credit Opportunities Fund, L.P. PTN",gemini-3.1-flash-lite-preview,https://disclosures-clerk.house.gov/PublicDisclosure
141,8220123,2022,A,Rohit,Khanna,CA17,A_assets,"Draper Fisher Jurvetson Growth Fund 2006, LP",PTN,DC,M&R Trust Partnership - 2020 Trust FBO Khanna Children,15001.0,50000.0,PTN INC,"$201-$1,000",2,"DC Draper Fisher Jurvetson Growth Fund 2006, LP PTN",gemini-3.1-flash-lite-preview,https://disclosures-clerk.house.gov/PublicDisclosure
142,8220123,2022,A,Rohit,Khanna,CA17,A_assets,Resilience Fund II LP,PTN,DC,M&R Trust Partnership - 2020 Trust FBO Khanna Children,15001.0,50000.0,PTN INC,"$201-$1,000",2,DC Resilience Fund II LP PTN,gemini-3.1-flash-lite-preview,https://disclosures-clerk.house.gov/PublicDisclosure
143,8220123,2022,A,Rohit,Khanna,CA17,A_assets,Resilience Fund IV LP,PTN,DC,M&R Trust Partnership - 2020 Trust FBO Khanna Children,15001.0,50000.0,PTN INC,"$201-$1,000",2,DC Resilience Fund IV LP PTN,gemini-3.1-flash-lite-preview,https://disclosures-clerk.house.gov/PublicDisclosure
144,8220123,2022,A,Rohit,Khanna,CA17,A_assets,"Kayne Anderson Energy Fund II, LP",PTN,DC,2010 Grandchildren Trust,15001.0,50000.0,PTN INC,"$201-$1,000",2,"DC Kayne Anderson Energy Fund II, LP PTN",gemini-3.1-flash-lite-preview,https://disclosures-clerk.house.gov/PublicDisclosure
145,8220123,2022,A,Rohit,Khanna,CA17,A_assets,Resilience Fund III LP,PTN,DC,2010 Grandchildren Trust,15001.0,50000.0,PTN INC,"$201-$1,000",2,DC Resilience Fund III LP PTN,gemini-3.1-flash-lite-preview,https://disclosures-clerk.house.gov/PublicDisclosure
146,8220123,2022,A,Rohit,Khanna,CA17,A_assets,Resilience OneSky Fund,,DC,2010 Grandchildren Trust,15001.0,50000.0,,,2,DC Resilience OneSky Fund,gemini-3.1-flash-lite-preview,https://disclosures-clerk.house.gov/PublicDisclosure
147,8220123,2022,A,Rohit,Khanna,CA17,A_assets,ARECCO LP,,DC,2010 Grandchildren Trust,15001.0,50000.0,,,2,DC ARECCO LP,gemini-3.1-flash-lite-preview,https://disclosures-clerk.house.gov/PublicDisclosure
148,8220123,2022,A,Rohit,Khanna,CA17,A_assets,"MAI Capital Income and Growth Fund II, LP",PTN,DC,2010 Grandchildren Trust,15001.0,50000.0,PTN INC,"$201-$1,000",2,"DC MAI Capital Income and Growth Fund II, LP PTN",gemini-3.1-flash-lite-preview,https://disclosures-clerk.house.gov/PublicDisclosure
149,8220123,2022,A,Rohit,Khanna,CA17,A_assets,Pent Center Plaza Holdings LP,,DC,2010 Grandchildren Trust,15001.0,50000.0,,,2,DC Pent Center Plaza Holdings LP,gemini-3.1-flash-lite-preview,https://disclosures-clerk.house.gov/PublicDisclosure
150,8220123,2022,A,Rohit,Khanna,CA17,A_assets,"MAI Capital Income and Growth Fund IV, LP",PTN,DC,M&R Trust Partnership - 2020 Trust FBO Khanna Children,15001.0,50000.0,PTN INC,"$201-$1,000",3,"DC MAI Capital Income and Growth Fund IV, LP PTN",gemini-3.1-flash-lite-preview,https://disclosures-clerk.house.gov/PublicDisclosure
151,8220123,2022,A,Rohit,Khanna,CA17,A_assets,"MAI Capital Income and Growth Fund V, LP",PTN,DC,M&R Trust Partnership - 2020 Trust FBO Khanna Children,15001.0,50000.0,PTN INC,"$201-$1,000",3,"DC MAI Capital Income and Growth Fund V, LP PTN",gemini-3.1-flash-lite-preview,https://disclosures-clerk.house.gov/PublicDisclosure
152,8220123,2022,A,Rohit,Khanna,CA17,A_assets,"MAI Diversified Real Estate Income Fund, LP",PTN,DC,M&R Trust Partnership - 2020 Trust FBO Khanna Children,15001.0,50000.0,PTN INC,"$201-$1,000",3,"DC MAI Diversified Real Estate Income Fund, LP PTN",gemini-3.1-flash-lite-preview,https://disclosures-clerk.house.gov/PublicDisclosure
153,8220123,2022,A,Rohit,Khanna,CA17,A_assets,Oak Street MAI Special Opportunity Fund,PTN,DC,M&R Trust Partnership - 2020 Trust FBO Khanna Children,15001.0,50000.0,PTN INC,"$201-$1,000",3,DC Oak Street MAI Special Opportunity Fund PTN,gemini-3.1-flash-lite-preview,https://disclosures-clerk.house.gov/PublicDisclosure
154,8220123,2022,A,Rohit,Khanna,CA17,A_assets,MURA Holdings,,,,100001.0,250000.0,,,3,MURA Holdings,gemini-3.1-flash-lite-preview,https://disclosures-clerk.house.gov/PublicDisclosure
155,8220123,2022,A,Rohit,Khanna,CA17,A_assets,Ritu Ahuja 1994 Trust,,SP,MURA Holdings,100001.0,250000.0,,,3,SP Ritu Ahuja 1994 Trust,gemini-3.1-flash-lite-preview,https://disclosures-clerk.house.gov/PublicDisclosure
156,8220123,2022,A,Rohit,Khanna,CA17,A_assets,Jana Strategic Benchmarks Series A,,SP,MURA Holdings - Ritu Ahuja 1994 Trust,100001.0,250000.0,,,3,SP Jana Strategic Benchmarks Series A,gemini-3.1-flash-lite-preview,https://disclosures-clerk.house.gov/PublicDisclosure
157,8220123,2022,A,Rohit,Khanna,CA17,A_assets,Oak Street MAI Special Opportunity Fund,PTN,SP,MURA Holdings - Ritu Ahuja 1994 Trust,15001.0,50000.0,PTN INC,"$201-$1,000",3,SP Oak Street MAI Special Opportunity Fund PTN,gemini-3.1-flash-lite-preview,https://disclosures-clerk.house.gov/PublicDisclosure
158,8220123,2022,A,Rohit,Khanna,CA17,A_assets,MURA Holdings,,,,100001.0,250000.0,,,4,MURA Holdings,gemini-3.1-flash-lite-preview,https://disclosures-clerk.house.gov/PublicDisclosure
159,8220123,2022,A,Rohit,Khanna,CA17,A_assets,- 2020 Trust FBO Khanna Children,,DC,MURA Holdings,100001.0,250000.0,,,4,DC - 2020 Trust FBO Khanna Children,gemini-3.1-flash-lite-preview,https://disclosures-clerk.house.gov/PublicDisclosure
160,8220123,2022,A,Rohit,Khanna,CA17,A_assets,"MAI Capital Management, LLC",,DC,MURA Holdings - 2020 Trust FBO Khanna Children,15001.0,50000.0,,,4,"DC MAI Capital Management, LLC",gemini-3.1-flash-lite-preview,https://disclosures-clerk.house.gov/PublicDisclosure
161,8220123,2022,A,Rohit,Khanna,CA17,A_assets,Jana,,DC,MURA Holdings - 2020 Trust FBO Khanna Children,15001.0,50000.0,,,4,DC Jana,gemini-3.1-flash-lite-preview,https://disclosures-clerk.house.gov/PublicDisclosure
162,8220123,2022,A,Rohit,Khanna,CA17,A_assets,Oak Street MAI Special Opportunity Fund,PTN,DC,MURA Holdings - 2020 Trust FBO Khanna Children,15001.0,50000.0,PTN INC,"$201-$1,000",4,DC Oak Street MAI Special Opportunity Fund PTN,gemini-3.1-flash-lite-preview,https://disclosures-clerk.house.gov/PublicDisclosure
163,8220123,2022,A,Rohit,Khanna,CA17,A_assets,2010 Grandchildren Trust,,DC,,100001.0,250000.0,,,4,DC 2010 Grandchildren Trust,gemini-3.1-flash-lite-preview,https://disclosures-clerk.house.gov/PublicDisclosure
164,8220123,2022,A,Rohit,Khanna,CA17,A_assets,GLOBAL PRIVATE OPPORTUNITIES PARTNERS II LP,PTN,DC,2010 Grandchildren Trust,15001.0,50000.0,PTN INC,"$201-$1,000",4,DC GLOBAL PRIVATE OPPORTUNITIES PARTNERS II LP PTN,gemini-3.1-flash-lite-preview,https://disclosures-clerk.house.gov/PublicDisclosure
165,8220123,2022,A,Rohit,Khanna,CA17,A_assets,GROWTH AND EMERGING MARKETS PRIVATE EQUITY MANAGERS (CONCENTRATED) LP,PTN,DC,2010 Grandchildren Trust,15001.0,50000.0,PTN INC,"$201-$1,000",4,DC GROWTH AND EMERGING MARKETS PRIVATE EQUITY MANAGERS (CONCENTRATED) LP PTN,gemini-3.1-flash-lite-preview,https://disclosures-clerk.house.gov/PublicDisclosure
166,8220123,2022,A,Rohit,Khanna,CA17,A_assets,KKR PRINCIPAL OPPORTUNITIES ACCESS FUND LP,PTN,DC,2010 Grandchildren Trust,15001.0,50000.0,PTN INC,"$201-$1,000",4,DC KKR PRINCIPAL OPPORTUNITIES ACCESS FUND LP PTN,gemini-3.1-flash-lite-preview,https://disclosures-clerk.house.gov/PublicDisclosure
167,8220123,2022,A,Rohit,Khanna,CA17,A_assets,"NORTHVOLT INVESTMENTS FUND, B.LP",PTN,DC,2010 Grandchildren Trust,15001.0,50000.0,PTN INC,"$201-$1,000",4,"DC NORTHVOLT INVESTMENTS FUND, B.LP PTN",gemini-3.1-flash-lite-preview,https://disclosures-clerk.house.gov/PublicDisclosure
168,8220123,2022,A,Rohit,Khanna,CA17,A_assets,TPG TECH ADVANCER ACCESS LLC,PTN,DC,2010 Grandchildren Trust,15001.0,50000.0,PTN INC,"$201-$1,000",4,DC TPG TECH ADVANCER ACCESS LLC PTN,gemini-3.1-flash-lite-preview,https://disclosures-clerk.house.gov/PublicDisclosure
169,8220123,2022,A,Rohit,Khanna,CA17,A_assets,M&R Trust Partnership,,,,100001.0,250000.0,,,4,M&R Trust Partnership,gemini-3.1-flash-lite-preview,https://disclosures-clerk.house.gov/PublicDisclosure
170,8220123,2022,A,Rohit,Khanna,CA17,A_assets,PETERSHILL II LP,PTN,DC,M&R Trust Partnership - 2020 Trust FBO Khanna Children,15001.0,50000.0,PTN INC,"$201-$1,000",4,DC PETERSHILL II LP PTN,gemini-3.1-flash-lite-preview,https://disclosures-clerk.house.gov/PublicDisclosure
171,8220123,2022,A,Rohit,Khanna,CA17,A_assets,"WEST STREET CAPITAL PARTNERS VI LP, NBGP VI B",PTN,DC,M&R Trust Partnership - 2020 Trust FBO Khanna Children,15001.0,50000.0,PTN INC,"$201-$1,000",4,"DC WEST STREET CAPITAL PARTNERS VI LP, NBGP VI B PTN",gemini-3.1-flash-lite-preview,https://disclosures-clerk.house.gov/PublicDisclosure
172,8220123,2022,A,Rohit,Khanna,CA17,A_assets,VINTAGE IV LP,PTN,DC,M&R Trust Partnership - 2020 Trust FBO Khanna Children,15001.0,50000.0,PTN INC,"$201-$1,000",4,DC VINTAGE IV LP PTN,gemini-3.1-flash-lite-preview,https://disclosures-clerk.house.gov/PublicDisclosure
173,8220123,2022,A,Rohit,Khanna,CA17,A_assets,FIDELIS INVESTORS LP,PTN,DC,M&R Trust Partnership - 2020 Trust FBO Khanna Children,15001.0,50000.0,PTN INC,"$201-$1,000",4,DC FIDELIS INVESTORS LP PTN,gemini-3.1-flash-lite-preview,https://disclosures-clerk.house.gov/PublicDisclosure
174,8220123,2022,A,Rohit,Khanna,CA17,A_assets,WEST STREET GLOBAL GROWTH PARTNERS L.P.,,DC,,15001.0,50000.0,,,5,DC WEST STREET GLOBAL GROWTH PARTNERS L.P.,gemini-3.1-flash-lite-preview,https://disclosures-clerk.house.gov/PublicDisclosure
175,8220123,2022,A,Rohit,Khanna,CA17,A_assets,MOUNT KELLETT CAPITAL PARTNERS II ACCESS LP,,DC,,15001.0,50000.0,,,5,DC MOUNT KELLETT CAPITAL PARTNERS II ACCESS LP,gemini-3.1-flash-lite-preview,https://disclosures-clerk.house.gov/PublicDisclosure
176,8220123,2022,A,Rohit,Khanna,CA17,A_assets,HEDGE FUND SELECT: MILLENNIUM LLC CLASS A SERIES 1,,DC,,15001.0,50000.0,,,5,DC HEDGE FUND SELECT: MILLENNIUM LLC CLASS A SERIES 1,gemini-3.1-flash-lite-preview,https://disclosures-clerk.house.gov/PublicDisclosure
177,8220123,2022,A,Rohit,Khanna,CA17,A_assets,GLOBAL LONG SHORT PARTNERS SPV LTD 100% OF FUNDS A,PTN,DC,,15001.0,50000.0,PTN INC,"$2,501-$5,000",5,DC GLOBAL LONG SHORT PARTNERS SPV LTD 100% OF FUNDS A PTN,gemini-3.1-flash-lite-preview,https://disclosures-clerk.house.gov/PublicDisclosure
178,8220123,2022,A,Rohit,Khanna,CA17,A_assets,PE PREMIER BLUESTONE LSC (8822),,DC,,15001.0,50000.0,,,5,DC PE PREMIER BLUESTONE LSC (8822),gemini-3.1-flash-lite-preview,https://disclosures-clerk.house.gov/PublicDisclosure
179,8220779,2023,A,Rohit,Khanna,CA17,A_assets,M&R Trust Partnership,PTN,DC,,250001.0,500000.0,PTN INC,"$1,001-$2,500",2,"M&R Trust Partnership DC 250,001-$500,000 PTN $1,001-$2,500",gemini-3.1-flash-lite-preview,https://disclosures-clerk.house.gov/PublicDisclosure
180,8220779,2023,A,Rohit,Khanna,CA17,A_assets,2020 Trust FBO Khanna Children,PTN,DC,,1000001.0,5000000.0,PTN INC,"$5,001-$15,000",2,"2020 Trust FBO Khanna Children DC $1,000,001-$5,000,000 PTN $5,001-$15,000",gemini-3.1-flash-lite-preview,https://disclosures-clerk.house.gov/PublicDisclosure
181,8220779,2023,A,Rohit,Khanna,CA17,A_assets,Kayne Anderson Real Estate Opportunistic Debt,PTN,DC,,1000001.0,5000000.0,PTN INC,"$1,001-$2,500",2,"Kayne Anderson Real Estate Opportunistic Debt DC $1,000,001-$5,000,000 PTN $1,001-$2,500",gemini-3.1-flash-lite-preview,https://disclosures-clerk.house.gov/PublicDisclosure
182,8220779,2023,A,Rohit,Khanna,CA17,A_assets,"Kayne Credit Opportunities Fund (QP), LP",PTN,DC,,250001.0,500000.0,PTN INC,"$1,001-$2,500",2,"Kayne Credit Opportunities Fund (QP), LP DC $250,001-$500,000 PTN $1,001-$2,500",gemini-3.1-flash-lite-preview,https://disclosures-clerk.house.gov/PublicDisclosure
183,8220779,2023,A,Rohit,Khanna,CA17,A_assets,Resilience Fund IV LP,PTN,DC,,1000001.0,5000000.0,PTN INC,"$1,001-$2,500",2,"Resilience Fund IV LP DC $1,000,001-$5,000,000 PTN $1,001-$2,500",gemini-3.1-flash-lite-preview,https://disclosures-clerk.house.gov/PublicDisclosure
184,8220779,2023,A,Rohit,Khanna,CA17,A_assets,2010 Grandchildren Trust,PTN,DC,,1000001.0,5000000.0,PTN INC,"$1,001-$2,500",2,"2010 Grandchildren Trust DC $1,000,001-$5,000,000 PTN $1,001-$2,500",gemini-3.1-flash-lite-preview,https://disclosures-clerk.house.gov/PublicDisclosure
185,8220779,2023,A,Rohit,Khanna,CA17,A_assets,"Kayne Anderson Energy Fund 6, LP",PTN,DC,,1000001.0,5000000.0,PTN INC,"$1,001-$2,500",2,"Kayne Anderson Energy Fund 6, LP DC $1,000,001-$5,000,000 PTN $1,001-$2,500",gemini-3.1-flash-lite-preview,https://disclosures-clerk.house.gov/PublicDisclosure
186,8220779,2023,A,Rohit,Khanna,CA17,A_assets,ARECO LP,PTN,DC,,1000001.0,5000000.0,PTN INC,"$1,001-$2,500",2,"ARECO LP DC $1,000,001-$5,000,000 PTN $1,001-$2,500",gemini-3.1-flash-lite-preview,https://disclosures-clerk.house.gov/PublicDisclosure
187,8220779,2023,A,Rohit,Khanna,CA17,A_assets,"MAI Capital Income and Growth Fund III, LP",PTN,DC,,1000001.0,5000000.0,PTN INC,"$1,001-$2,500",2,"MAI Capital Income and Growth Fund III, LP DC $1,000,001-$5,000,000 PTN $1,001-$2,500",gemini-3.1-flash-lite-preview,https://disclosures-clerk.house.gov/PublicDisclosure
188,8220779,2023,A,Rohit,Khanna,CA17,A_assets,"MAI Diversified Real Estate Income Fund, LP",PTN,DC,,1000001.0,5000000.0,PTN INC,"$1,001-$2,500",2,"MAI Diversified Real Estate Income Fund, LP DC $1,000,001-$5,000,000 PTN $1,001-$2,500",gemini-3.1-flash-lite-preview,https://disclosures-clerk.house.gov/PublicDisclosure
189,8220779,2023,A,Rohit,Khanna,CA17,A_assets,MURA Holdings,PTN,SP,,1000001.0,5000000.0,PTN INC,"$1,001-$2,500",3,"MURA Holdings SP $1,000,001-$5,000,000 PTN $1,001-$2,500",gemini-3.1-flash-lite-preview,https://disclosures-clerk.house.gov/PublicDisclosure
190,8220779,2023,A,Rohit,Khanna,CA17,A_assets,Ritu Ahuja 1994 Trust,PTN,SP,,1000001.0,5000000.0,PTN INC,"$1,001-$2,500",3,"Ritu Ahuja 1994 Trust SP $1,000,001-$5,000,000 PTN $1,001-$2,500",gemini-3.1-flash-lite-preview,https://disclosures-clerk.house.gov/PublicDisclosure
191,8220779,2023,A,Rohit,Khanna,CA17,A_assets,Azulite III Fund,PTN,DC,,1000001.0,5000000.0,PTN INC,"$1,001-$2,500",3,"Azulite III Fund DC $1,000,001-$5,000,000 PTN $1,001-$2,500",gemini-3.1-flash-lite-preview,https://disclosures-clerk.house.gov/PublicDisclosure
192,8220779,2023,A,Rohit,Khanna,CA17,A_assets,MURA Holdings,PTN,DC,,1000001.0,5000000.0,PTN INC,"$1,001-$2,500",3,"MURA Holdings DC $1,000,001-$5,000,000 PTN $1,001-$2,500",gemini-3.1-flash-lite-preview,https://disclosures-clerk.house.gov/PublicDisclosure
193,8220779,2023,A,Rohit,Khanna,CA17,A_assets,2020 Trust FBO Khanna Children,PTN,DC,,1000001.0,5000000.0,PTN INC,"$1,001-$2,500",3,"2020 Trust FBO Khanna Children DC $1,000,001-$5,000,000 PTN $1,001-$2,500",gemini-3.1-flash-lite-preview,https://disclosures-clerk.house.gov/PublicDisclosure
194,8220779,2023,A,Rohit,Khanna,CA17,A_assets,Monte and Usha Ahuja 2010 Irrev Trust FBO Grandchildren,PTN,DC,,1000001.0,5000000.0,PTN INC,"$5,001-$15,000",3,"Monte and Usha Ahuja 2010 Irrev Trust FBO Grandchildren DC $1,000,001-$5,000,000 PTN $5,001-$15,000",gemini-3.1-flash-lite-preview,https://disclosures-clerk.house.gov/PublicDisclosure
195,8220779,2023,A,Rohit,Khanna,CA17,A_assets,Growth and Emerging Markets Private Equity Managers,PTN,DC,,1000001.0,5000000.0,PTN INC,"$1,001-$2,500",3,"Growth and Emerging Markets Private Equity Managers DC $1,000,001-$5,000,000 PTN $1,001-$2,500",gemini-3.1-flash-lite-preview,https://disclosures-clerk.house.gov/PublicDisclosure
196,8220779,2023,A,Rohit,Khanna,CA17,A_assets,KKR Principal Opportunities Access,PTN,DC,,1000001.0,5000000.0,PTN INC,"$1,001-$2,500",3,"KKR Principal Opportunities Access DC $1,000,001-$5,000,000 PTN $1,001-$2,500",gemini-3.1-flash-lite-preview,https://disclosures-clerk.house.gov/PublicDisclosure
197,8220779,2023,A,Rohit,Khanna,CA17,A_assets,VINTAGE VI WEST STREET CAPITAL PARTNERS VI A,PTN,DC,,1000001.0,5000000.0,PTN INC,"$1,001-$2,500",3,"VINTAGE VI WEST STREET CAPITAL PARTNERS VI A DC $1,000,001-$5,000,000 PTN $1,001-$2,500",gemini-3.1-flash-lite-preview,https://disclosures-clerk.house.gov/PublicDisclosure
198,8220779,2023,A,Rohit,Khanna,CA17,A_assets,M&R Trust Partnership,PTN,DC,,250001.0,500000.0,PTN INC,"$1,001-$2,500",4,"M&R Trust Partnership DC $250,001-$500,000 PTN $1,001-$2,500",gemini-3.1-flash-lite-preview,https://disclosures-clerk.house.gov/PublicDisclosure
199,8220779,2023,A,Rohit,Khanna,CA17,A_assets,2020 Trust FBO Khanna Children,PTN,DC,,1000001.0,5000000.0,PTN INC,"$5,001-$15,000",4,"2020 Trust FBO Khanna Children DC $1,000,001-$5,000,000 PTN $5,001-$15,000",gemini-3.1-flash-lite-preview,https://disclosures-clerk.house.gov/PublicDisclosure
200,8220779,2023,A,Rohit,Khanna,CA17,A_assets,FIDELIS INVESTORS LP,PTN,DC,,1000001.0,5000000.0,PTN INC,"$1,001-$2,500",4,"FIDELIS INVESTORS LP DC $1,000,001-$5,000,000 PTN $1,001-$2,500",gemini-3.1-flash-lite-preview,https://disclosures-clerk.house.gov/PublicDisclosure
201,8220779,2023,A,Rohit,Khanna,CA17,A_assets,GROWTH AND EMERGING MARKETS PRIVATE EQUITY,PTN,DC,,1000001.0,5000000.0,PTN INC,"$1,001-$2,500",4,"GROWTH AND EMERGING MARKETS PRIVATE EQUITY DC $1,000,001-$5,000,000 PTN $1,001-$2,500",gemini-3.1-flash-lite-preview,https://disclosures-clerk.house.gov/PublicDisclosure
202,8220779,2023,A,Rohit,Khanna,CA17,A_assets,KKR PRINCIPAL OPPORTUNITIES ACCESS LP,PTN,DC,,1000001.0,5000000.0,PTN INC,"$1,001-$2,500",4,"KKR PRINCIPAL OPPORTUNITIES ACCESS LP DC $1,000,001-$5,000,000 PTN $1,001-$2,500",gemini-3.1-flash-lite-preview,https://disclosures-clerk.house.gov/PublicDisclosure
203,8220779,2023,A,Rohit,Khanna,CA17,A_assets,PETERSHILL II LP,PTN,DC,,1000001.0,5000000.0,PTN INC,"$1,001-$2,500",4,"PETERSHILL II LP DC $1,000,001-$5,000,000 PTN $1,001-$2,500",gemini-3.1-flash-lite-preview,https://disclosures-clerk.house.gov/PublicDisclosure
204,8221318,2024,A,Rohit,Khanna,CA17,A_assets,CORVEX DYNAMIC EQUITY SELECT LLC CLASS B SERIES 1,PTN,DC,Monte and Usha Ahuja 2010 Irrev Trust FBO Grandchildren,100001.0,250000.0,PTN INC,"$2,501-$5,000",2,DC CORVEX DYNAMIC EQUITY SELECT LLC CLASS B SERIES 1 X X,gemini-3.1-flash-lite-preview,https://disclosures-clerk.house.gov/PublicDisclosure
205,8221318,2024,A,Rohit,Khanna,CA17,A_assets,DRAGONEER OPPORTUNITIES V ACCESS LLC,PTN,DC,Monte and Usha Ahuja 2010 Irrev Trust FBO Grandchildren,1001.0,15000.0,PTN INC,"$201-$1,000",2,DC DRAGONEER OPPORTUNITIES V ACCESS LLC X X,gemini-3.1-flash-lite-preview,https://disclosures-clerk.house.gov/PublicDisclosure
206,8221318,2024,A,Rohit,Khanna,CA17,A_assets,TIGER GLOBAL CROSSOVER A ACCESS LLC CLASS A1 SERIES 1,PTN,DC,Monte and Usha Ahuja 2010 Irrev Trust FBO Grandchildren,50001.0,100000.0,PTN INC,"$5,001-$15,000",2,DC TIGER GLOBAL CROSSOVER A ACCESS LLC CLASS A1 SERIES 1 X X,gemini-3.1-flash-lite-preview,https://disclosures-clerk.house.gov/PublicDisclosure
207,8221318,2024,A,Rohit,Khanna,CA17,A_assets,VINTAGE VI WEST STREET CAPITAL PARTNERS VI ACCESS LP,PTN,DC,Monte and Usha Ahuja 2010 Irrev Trust FBO Grandchildren,100001.0,250000.0,PTN INC,,2,DC VINTAGE VI WEST STREET CAPITAL PARTNERS VI ACCESS LP X X,gemini-3.1-flash-lite-preview,https://disclosures-clerk.house.gov/PublicDisclosure
208,8221318,2024,A,Rohit,Khanna,CA17,A_assets,RESILIENCE ONESKY FUND,PTN,DC,Monte and Usha Ahuja 2010 Irrev Trust FBO Grandchildren,50001.0,100000.0,PTN INC,"$2,501-$5,000",2,DC RESILIENCE ONESKY FUND X X,gemini-3.1-flash-lite-preview,https://disclosures-clerk.house.gov/PublicDisclosure
209,8221318,2024,A,Rohit,Khanna,CA17,A_assets,DRAGONEER OPPORTUNITIES VI ACCESS LLC,PTN,DC,M & R Trust Partnership - 2020 Trust FBO Khanna Children,1001.0,15000.0,PTN INC,"$201-$1,000",2,DC DRAGONEER OPPORTUNITIES VI ACCESS LLC X X,gemini-3.1-flash-lite-preview,https://disclosures-clerk.house.gov/PublicDisclosure
210,8221318,2024,A,Rohit,Khanna,CA17,A_assets,GLOBAL LONG SHORT PARTNERS 100% OF FUNDS ASSETS IN ILLIQUID INVEST,PTN,DC,M & R Trust Partnership - 2020 Trust FBO Khanna Children,15001.0,50000.0,PTN INC,,2,DC GLOBAL LONG SHORT PARTNERS 100% OF FUNDS ASSETS IN ILLIQUID INVEST X X,gemini-3.1-flash-lite-preview,https://disclosures-clerk.house.gov/PublicDisclosure
211,8221318,2024,A,Rohit,Khanna,CA17,A_assets,MOUNT KELLETT CAPITAL PARTNERS II ACCESS LP,PTN,DC,M & R Trust Partnership - 2020 Trust FBO Khanna Children,15001.0,50000.0,PTN INC,"$1,001-$2,500",2,DC MOUNT KELLETT CAPITAL PARTNERS II ACCESS LP X X,gemini-3.1-flash-lite-preview,https://disclosures-clerk.house.gov/PublicDisclosure
212,8221318,2024,A,Rohit,Khanna,CA17,A_assets,PETERSHILL II LP,PTN,DC,M & R Trust Partnership - 2020 Trust FBO Khanna Children,50001.0,100000.0,PTN INC,"$2,501-$5,000",2,DC PETERSHILL II LP X X,gemini-3.1-flash-lite-preview,https://disclosures-clerk.house.gov/PublicDisclosure
213,8221318,2024,A,Rohit,Khanna,CA17,A_assets,TIGER GLOBAL CROSSOVER ACCESS LLC CLASS A1 SERIES 1,PTN,DC,M & R Trust Partnership - 2020 Trust FBO Khanna Children,50001.0,100000.0,PTN INC,"$5,001-$15,000",2,DC TIGER GLOBAL CROSSOVER ACCESS LLC CLASS A1 SERIES 1 X X,gemini-3.1-flash-lite-preview,https://disclosures-clerk.house.gov/PublicDisclosure
214,8221318,2024,A,Rohit,Khanna,CA17,A_assets,"BPCP SPEEDSTAR (AUTO PARTS DISTRIBUTION, WALTON HILLS, OH)",PTN,DC,ASK Partners - Monte and Usha Ahuja 2010 Irrev Trust FBO Grandchildren,50001.0,100000.0,PTN INC,"$5,001-$15,000",2,"DC BPCP SPEEDSTAR (AUTO PARTS DISTRIBUTION, WALTON HILLS, OH) X X",gemini-3.1-flash-lite-preview,https://disclosures-clerk.house.gov/PublicDisclosure
215,8221318,2024,A,Rohit,Khanna,CA17,A_assets,"KAYNE ANDERSON MEZZANINE PARTNERS (QP), L.P.",PTN,SP,Ritu Ahuja 1994 Trust,1001.0,15000.0,PTN INC,"$201-$1,000",2,"SP KAYNE ANDERSON MEZZANINE PARTNERS (QP), L.P. X X X",gemini-3.1-flash-lite-preview,https://disclosures-clerk.house.gov/PublicDisclosure
216,8221318,2024,A,Rohit,Khanna,CA17,A_assets,"KAYNE CREDIT OPPORTUNITIES FUND (QP), L.P.",PTN,DC,M & R Trust Partnership - 2020 Trust FBO Khanna Children,1001.0,15000.0,PTN INC,"$1,001-$2,500",3,"DC KAYNE CREDIT OPPORTUNITIES FUND (QP), L.P. X X X",gemini-3.1-flash-lite-preview,https://disclosures-clerk.house.gov/PublicDisclosure
217,8221318,2024,A,Rohit,Khanna,CA17,A_assets,RIVERVIEW SOF ILP (BAQ57),PTN,DC,M & R Trust Partnership - 2020 Trust FBO Khanna Children,1001.0,15000.0,PTN INC,,3,DC RIVERVIEW SOF ILP (BAQ57) X X X,gemini-3.1-flash-lite-preview,https://disclosures-clerk.house.gov/PublicDisclosure
218,8221318,2024,A,Rohit,Khanna,CA17,A_assets,"MAI CAPITAL INCOME AND GROWTH FUND V, LP",PTN,DC,ARECO LP - Monte and Usha Ahuja 2010 Irrev Trust FBO Grandchildren,1001.0,15000.0,PTN INC,"$1,001-$2,500",3,"DC MAI CAPITAL INCOME AND GROWTH FUND V, LP X X X",gemini-3.1-flash-lite-preview,https://disclosures-clerk.house.gov/PublicDisclosure
219,8221318,2024,A,Rohit,Khanna,CA17,A_assets,"MAI DIVERSIFIED REAL ESTATE INCOME FUND, LP",PTN,DC,ARECO LP - Monte and Usha Ahuja 2010 Irrev Trust FBO Grandchildren,15001.0,50000.0,PTN INC,"$2,501-$5,000",3,"DC MAI DIVERSIFIED REAL ESTATE INCOME FUND, LP X X X",gemini-3.1-flash-lite-preview,https://disclosures-clerk.house.gov/PublicDisclosure
220,8221318,2024,A,Rohit,Khanna,CA17,A_assets,"MAI CAPITAL INCOME AND GROWTH FUND VI, LP",PTN,DC,ARECO LP - Monte and Usha Ahuja 2010 Irrev Trust FBO Grandchildren,1001.0,15000.0,PTN INC,"$1,001-$2,500",3,"DC MAI CAPITAL INCOME AND GROWTH FUND VI, LP X X X",gemini-3.1-flash-lite-preview,https://disclosures-clerk.house.gov/PublicDisclosure
221,8221318,2024,A,Rohit,Khanna,CA17,A_assets,"MAI CAPITAL INCOME AND GROWTH FUND III, LP",PTN,DC,ARECO LP - 2020 Trust FBO Khanna Children,1001.0,15000.0,PTN INC,"$201-$1,000",3,"DC MAI CAPITAL INCOME AND GROWTH FUND III, LP X X X",gemini-3.1-flash-lite-preview,https://disclosures-clerk.house.gov/PublicDisclosure
222,8221318,2024,A,Rohit,Khanna,CA17,A_assets,"PCM UNISON HOLDINGS GP, LLC",PTN,SP,MURA Holdings - Ritu Ahuja 1994 Trust,50001.0,100000.0,PTN INC,,3,"SP PCM UNISON HOLDINGS GP, LLC X X X",gemini-3.1-flash-lite-preview,https://disclosures-clerk.house.gov/PublicDisclosure
223,8221318,2024,A,Rohit,Khanna,CA17,A_assets,"PCM UNISON HOLDINGS GP, LLC",PTN,DC,MURA Holdings - Monte and Usha Ahuja 2010 Irrev Trust FBO Grandchildren,1001.0,15000.0,PTN INC,"$1,001-$2,500",4,"DC PCM UNISON HOLDINGS GP, LLC X X X",gemini-3.1-flash-lite-preview,https://disclosures-clerk.house.gov/PublicDisclosure
